EURUSD,60
2016.05.27 13:00:00,43.45434543454319,58.45729714898361
